metric,mean,std
train_acc,99.9028888025945,0.15310635629346867
test_acc,90.51862940609668,15.20409022909476
train_bal_acc,99.89722751633316,0.15910775541528516
test_bal_acc,89.08187090325428,16.506559900786204
train_f1_acc,99.90288890656629,0.1531073793148357
test_f1_acc,90.00697926186345,16.121466103576903
train_loss,0.003589257672321302,0.004797021642075094
test_loss,0.5720705372459991,1.0919956187347355
