metric,mean,std
train_acc,99.42936323266284,0.13332000730252172
test_acc,82.62099039566766,18.38829388732927
train_bal_acc,99.37918094743102,0.1530452109063389
test_bal_acc,81.37488299737457,17.97631037252462
train_f1_acc,99.42951642301061,0.13333100586901928
test_f1_acc,81.41806382366727,20.865944820729684
train_loss,0.021351342626762984,0.008516476044817204
test_loss,2.4219259421773476,5.994015668089102
