metric,mean,std
train_acc,99.99146889053296,0.01661238862582337
test_acc,87.49714989921081,16.74868152686227
train_bal_acc,99.99229141580197,0.01625191500158362
test_bal_acc,85.04810527352801,18.10199985016597
train_f1_acc,99.99146895179558,0.01661242834747359
test_f1_acc,86.89640130075229,17.07236818408278
train_loss,0.0005815956715707576,0.0007104937146634363
test_loss,0.8653362831869303,1.4442591021459035
