metric,mean,std
train_acc,94.42947891147168,2.1333628727736795
test_acc,80.49791300161151,18.126652865750284
train_bal_acc,93.81761725117447,2.3923072726493015
test_bal_acc,77.94670844334992,19.91324172896021
train_f1_acc,94.41809639905588,2.1436094968833674
test_f1_acc,79.94398335154673,18.93194020237343
train_loss,0.16216508796230641,0.06278968674311367
test_loss,0.7991887441537578,1.055049471433352
