metric,mean,std
train_acc,49.30306034225298,0.06063989104346007
test_acc,49.30509640528505,0.629167423755298
train_bal_acc,33.3336643825111,0.008526337865495042
test_bal_acc,33.33333333333333,5.712050337475533e-15
train_f1_acc,32.56792098108014,0.06540279865423342
test_f1_acc,32.566351084967174,0.6909925561776443
train_loss,1.0452892754054024,0.0012188825266263175
test_loss,1.0274287839730583,0.006183558664552298
