metric,mean,std
train_acc,84.66592263026106,5.134050087113101
test_acc,44.61552877030499,21.527442008294408
train_bal_acc,83.09557382079834,5.991647209034838
test_bal_acc,38.30404193887338,18.70183726085344
train_f1_acc,84.59928247552259,5.233047632412689
test_f1_acc,39.50610732428116,20.08776055023749
train_loss,0.35988658576645144,0.10419204247874757
test_loss,3.807799142240715,3.9346890462659108
