metric,mean,std
train_acc,99.99572837336459,0.018122976963626802
test_acc,90.85209286455915,14.478881934805191
train_bal_acc,99.99594705842425,0.01719517483185774
test_bal_acc,88.78341467679482,16.695276956558633
train_f1_acc,99.99572846776563,0.018122576453873114
test_f1_acc,90.39718261364442,15.167732670682286
train_loss,0.0003029420189973965,0.000451778491876579
test_loss,0.46452914679421375,1.0184394869801234
