metric,mean,std
train_acc,51.16953190428888,6.022650986898468
test_acc,46.72962699393713,7.6716713232503455
train_bal_acc,36.59310514564616,9.01462594989996
test_bal_acc,32.31373343719795,3.901109264863852
train_f1_acc,36.88691382482296,10.145419374421335
test_f1_acc,31.666986883815746,2.855591437190115
train_loss,0.9934635425862246,0.11474832393402631
test_loss,1.1357604569858977,0.4102192464475351
