metric,mean,std
train_acc,99.57948751579629,0.17716038001114015
test_acc,83.034529723217,17.940827677869187
train_bal_acc,99.55198244455958,0.194053273518373
test_bal_acc,81.65763427585175,19.378648553050333
train_f1_acc,99.57947942269804,0.17719575234175336
test_f1_acc,81.67795507547036,20.093064710015522
train_loss,0.014454380351679156,0.00644859281804801
test_loss,1.7308905179560243,3.5473130696596225
