metric,mean,std
train_acc,99.67474274820641,0.23655085359890948
test_acc,85.86516587910641,16.027811379022864
train_bal_acc,99.67896465810146,0.23852609373935146
test_bal_acc,85.0110361508609,15.84425289025228
train_f1_acc,99.67478185767986,0.2364863250645568
test_f1_acc,84.81705528272414,17.83748458317929
train_loss,0.01319824535273563,0.008834670382843187
test_loss,1.110683245948692,1.6181302258784636
