metric,mean,std
train_acc,99.95967418242783,0.11405683225799751
test_acc,87.15614247668125,16.539657746550322
train_bal_acc,99.95948704474797,0.10927948211683124
test_bal_acc,85.0987944370171,17.797463669885335
train_f1_acc,99.95967611499772,0.11404888090651595
test_f1_acc,86.3312067621255,17.478896892510875
train_loss,0.0015428798895723522,0.003336035958874983
test_loss,0.8118627307313043,1.1580411860643771
