metric,mean,std
train_acc,71.51172338663945,3.521749995723983
test_acc,52.90199489846217,9.08727483620017
train_bal_acc,67.13653521108891,4.184755461497066
test_bal_acc,46.33386729625508,9.284997389297732
train_f1_acc,70.71502979955837,3.7757741755432774
test_f1_acc,46.20233776073348,11.618839928445276
train_loss,0.6179769183784697,0.06164129363457461
test_loss,1.9219924294907185,1.3061931916599052
