metric,mean,std
train_acc,98.39635811346487,0.6634232966253559
test_acc,75.37666558009703,14.759868316722272
train_bal_acc,98.34453824953565,0.6845253053781633
test_bal_acc,71.12990686221961,17.689824908622835
train_f1_acc,98.39833009765985,0.6610787494336386
test_f1_acc,71.68804342519883,17.13362619701413
train_loss,0.05463547229979008,0.022954629498220025
test_loss,2.0952981763359273,2.032363926064733
