metric,mean,std
train_acc,99.56134225775806,0.27166803030428427
test_acc,76.76598142692363,15.074869416014941
train_bal_acc,99.51804295706475,0.30187016308818326
test_bal_acc,70.6633618650514,18.622831412020496
train_f1_acc,99.56130710256016,0.271669920510322
test_f1_acc,72.90085963440927,17.67906402597317
train_loss,0.014440701389213967,0.008830557801614793
test_loss,1.2971729594139976,0.9979142531144821
