metric,mean,std
train_acc,99.72598158788709,0.1168710511338619
test_acc,87.22195756551474,14.50826862405932
train_bal_acc,99.72508173138895,0.11944478908583167
test_bal_acc,85.9018279197727,15.736241386870919
train_f1_acc,99.72599353380338,0.11685593032935411
test_f1_acc,86.6592550923396,15.255126245330228
train_loss,0.011784327572382616,0.014380645112901195
test_loss,0.9296692249535788,1.4614910088059527
